artigoEmPeriodico	Wesley Pacheco Calixto	2003		http://dx.doi.org/	Sistemas de Numeração e Escalas	Estudos (Goiânia)	CALIXTO, W. P.		
artigoEmPeriodico	Wesley Pacheco Calixto	2004		http://dx.doi.org/	Acústica: Poluição Sonora	Núcleo de Pesquisa em Engenharia On Line	CALIXTO, W. P.; RODRIGUES, C. G.		
artigoEmPeriodico	Wesley Pacheco Calixto	2005		http://dx.doi.org/	Poluição Sonora	Revista Científica da Engenharia da Universidade Católica de Goiás	CALIXTO, W. P.; RODRIGUES, C. G.		
artigoEmPeriodico	Wesley Pacheco Calixto	2010		http://dx.doi.org/10.1109/TPWRD.2010.2040845	Parameters Estimation of a Horizontal Multilayer Soil Using Genetic Algorithm	IEEE Transactions on Power Delivery	CALIXTO, W. P.; MARTINS NETO, L.; Wu, Marcel; Yamanaka, Keiji; da Paz Moreira, Emerson		
artigoEmPeriodico	Wesley Pacheco Calixto	2009		http://dx.doi.org/	Horizontal Stratification of the Soil in Multi-Layer Using Non-Linear Optimization	Revista de Ciências Exatas e Naturais	CALIXTO, W. P.; MARTINS NETO, L.; Wu, Marcel; MACHADO FILHO, H. B.		
artigoEmPeriodico	Wesley Pacheco Calixto	2011		http://dx.doi.org/10.1002/jnm.785	A new methodology to calculate Carter factor using genetic algorithms	International Journal of Numerical Modelling (Print)	CALIXTO, W. P.; MARRA, E. G.; BRITO, L. C.; ALVARENGA, B. P		
artigoEmPeriodico	Wesley Pacheco Calixto	2012		http://dx.doi.org/10.1002/jnm.827	Carter?s factor calculation using domain transformations and the finite element method	International Journal of Numerical Modelling (Print)	CALIXTO, W. P.; ALVARENGA, B. P; Coimbra, A. P.; Alves, A. J.; MARTINS NETO, L.; Wu, Marcel; Silva, W. G.; Delbone, E.		
artigoEmPeriodico	Wesley Pacheco Calixto	2012		http://dx.doi.org/10.1016/j.epsr.2012.01.003	Linear induction machine fed on a non-traditional manner to generate force pulses at low speeds	Electric Power Systems Research (Print)	Gontijo, Andre Luiz; Calixto, Wesley Pacheco; Neto, Luciano Martins; Wu, Marcel; Delbone, Edval; Alves, Manoel Berto		
artigoEmPeriodico	Wesley Pacheco Calixto	2011		http://dx.doi.org/	Estimativa das Indutâncias de uma Máquina Síncrona a partir de Ensaio com Rotor Bloqueado	Revista Ciências Exatas e Naturais (Impresso)	Alves, A. J.; MARTINS NETO, L.; CALIXTO, W. P.; Wu, Marcel; ALVARENGA, B. P; Oliveira, J. M. M.		
artigoEmPeriodico	Wesley Pacheco Calixto	2011		http://dx.doi.org/10.1002/jnm.804	Methodology for the reduction of parameters in the inverse transformation of Schwarz-Christoffel applied to electromagnetic devices with axial geometry	International Journal of Numerical Modelling (Print)	Calixto, Wesley Pacheco; da Mota, Jesus Carlos; de Alvarenga, Bernardo Pinheiro		
artigoEmPeriodico	Wesley Pacheco Calixto	2011		http://dx.doi.org/10.1002/jnm.823	Salient poles synchronous machines simulation validation and inductances determination procedure	International Journal of Numerical Modelling (Print)	ALVES, A. J.; MARTINS NETO, L.; CALIXTO, W. P.; Wu, M.; Alvarenga, B; José Mario Menescal de Oliveira		
artigoEmPeriodico	Wesley Pacheco Calixto	2010		http://dx.doi.org/10.1155/2010	Electromagnetic Problems Solving by Conformal Mapping: A Mathematical Operator for Optimization	Mathematical Problems in Engineering (Print)	CALIXTO, W. P.; Alvarenga, B; Mota, J. C.; BRITO, L. C.; Wu, M.; ALVES, A. J.; MARTINS NETO, L; ANTUNES, Carlos F. R. Lemos		
artigoEmPeriodico	Wesley Pacheco Calixto	2009		http://dx.doi.org/	Análise Teórica e Experimental do Gerador de Indução	PCH Notícias & SHP News	Wu, Marcel; MARTINS NETO, L.; CALIXTO, W. P.; Gontijo, A. L.; Alves, A. J.		
artigoEmPeriodico	Wesley Pacheco Calixto	2010		http://dx.doi.org/10.1016/j.compag.2009.12.002	Calculation of soil electrical conductivity using a genetic algorithm	Computers and Electronics in Agriculture	CALIXTO, W. P.; Martins Neto, Luciano; Wu, Marcel; Kliemann, Huberto José; CASTRO, S. S.; Yamanaka, Keiji		
artigoEmPeriodico	Wesley Pacheco Calixto	2012		http://dx.doi.org/10.1109/TPWRD.2012.2193602	3-D Soil Stratification Methodology for Geoelectrical Prospection	IEEE Transactions on Power Delivery	CALIXTO, W. P.; Coimbra, A. P.; Alvarenga, B; MOLIN, J. P.; Cardoso, Alexandre; MARTINS NETO, L.		
artigoEmPeriodico	Wesley Pacheco Calixto	2013		http://dx.doi.org/	Economic Viability Analysis of Investment lternatives for the Use of Biogas in a Pig Farming in the Middle East Area of Brazil	Journal of Energy and Power Engineering	DOMINGUES, E. G.; Borges, Tauler T.; GARCES JUNIOR, W. B.; ALVES, A. J.; CALIXTO, W. P.; DOMINGOS, J. L.		
artigoEmPeriodico	Wesley Pacheco Calixto	2015		http://dx.doi.org/10.1002/jnm.1986	Troubleshooting in geoelectrical prospecting using real-coded genetic algorithm with chromosomal extrapolation	International Journal of Numerical Modelling (Print)	CALIXTO, W. P.; Coimbra, A. P.; MOTA, J. C.; WU, M.; Silva, W. G.; ALVARENGA, B. P; BRITO, L. C.; ALVES, A. J.; DOMINGUES, E. G.; PINHEIRO NETO, D.		
artigoEmPeriodico	Wesley Pacheco Calixto	2014		http://dx.doi.org/	Secondary Lens Optimization for LED Lamps	Journal of Mechanics Engineering and Automation	BARBOSA, J. L. F.; CALIXTO, W. P.; BRITO, L. C.; Alves, A. J.; MARRA, E. G.; Coimbra, A. P.; DOMINGUES, E. G.; Ferraz, R. da S.; PINHEIRO NETO, D.		
artigoEmPeriodico	Wesley Pacheco Calixto	2014		http://dx.doi.org/10.5540/tema.2014.015.02.0177	Desenvolvimento de Operador Matemático para Algoritmos de Otimização Heurísticos Aplicado a Problema de Geoprospecção	Tendências em Matemática Aplicada e Computacional	CALIXTO, W. P.; PEREIRA, T. M.; MOTA, J. C.; Alves, A. J.; DOMINGUES, E. G.; DOMINGOS, J. L.; COIMBRA, A. PAULO; Alvarenga, B		
artigoEmPeriodico	Wesley Pacheco Calixto	2014		http://dx.doi.org/	A First Approach on the Impact of Distributed Generation on Voltage Sags	Renewable Energy & Power Quality Journal (RE&PQJ)	Ramos, A. C. L.; BATISTA, A. J.; LEBORGNE, R. C.; DOMINGUES, E. G.; CALIXTO, W. P.; ALVES, A. J.		
artigoEmPeriodico	Wesley Pacheco Calixto	2014		http://dx.doi.org/	Study of parameters for the design of a continuous flow laboratory biogas reactor	Renewable Energy & Power Quality Journal (RE&PQJ)	ALMEIDA, C. A.; ALVES, A. J.; OLIVEIRA, S. B.; Zang, J. W.; CALIXTO, W. P.; DOMINGUES, E. G.		
artigoEmPeriodico	Wesley Pacheco Calixto	2014		http://dx.doi.org/	Proposal of Technical and Commercial Arrangements for Distributed Generation from the Use of Biogas in a Food Industry	Renewable Energy & Power Quality Journal (RE&PQJ)	Ramos, A. C. L.; CALIXTO, W. P.; ALVES, A. J.; DOMINGUES, E. G.; OLIVEIRA, S. B.; COELHO, S. T.		
artigoEmPeriodico	Wesley Pacheco Calixto	2014		http://dx.doi.org/	Lens Optimization and Thermal Studies for LED Lamps	Electrical Engineering Electronic Journal	BARBOSA, J. L. F.; CALIXTO, W. P.; BRITO, L. C.; Alves, A. J.; MARRA, E. G.; COIMBRA, A. PAULO; DOMINGUES, E. G.; Ferraz, R. da S.; PINHEIRO NETO, D.		
artigoEmPeriodico	Wesley Pacheco Calixto	2015		http://dx.doi.org/	A First Approach on the Fault Impedance Impact on Voltage Sags Studies	Renewable Energy & Power Quality Journal (RE&PQJ)	Ramos, A. C. L.; BATISTA, A. J.; LEBORGNE, R. C.; DOMINGUES, E. G.; CALIXTO, W. P.; ALVES, A. J.		
artigoEmPeriodico	Wesley Pacheco Calixto	2015		http://dx.doi.org/	Aparato de Estratificação Tridimensional do Solo: Mensurar a Resistividade ou a Condutividade Elétrica e as Profundidades das Camadas do Solo	Revista da Propriedade Industrial	CALIXTO, W. P.		
artigoEmPeriodico	Wesley Pacheco Calixto	2015		http://dx.doi.org/	Energetic Use of Landfill Biogas as a Power Energy Source: An Economic Feasibility Study	Renewable Energy & Power Quality Journal (RE&PQJ)	COSTA, A. N.; DOMINGUES, E. G.; PINHEIRO NETO, D.; CALIXTO, W. P.; ALVES, A. J.; SANTOS, L.		
artigoEmPeriodico	Wesley Pacheco Calixto	2015		http://dx.doi.org/	MÉTODO MPPT PARA SISTEMA FOTOVOLTAICO BASEADO NA TÉCNICA DA CONDUTÂNCIA INCREMENTAL	Ciência, Tecnologia e Sociedade	ALVES, A. J.; MENITA, B.; DOMINGUES E. G., Elder G. Domingues; STECANELLA, P. A. J.; CALIXTO, W. P.		
artigoEmPeriodico	Wesley Pacheco Calixto	2016		http://dx.doi.org/	Energy Efficiency and Distributed Generation: Case Study	Renewable Energy & Power Quality Journal (RE&PQJ)	FARIA, A. F.; DOMINGOS, J. L.; SOUSA, T. P.; MIGUEL, M. L. S.; MORAES, P. H. F.; DOMINGUES, E. G.; ALVES, A. J.; CALIXTO, W. P.		
artigoEmPeriodico	Wesley Pacheco Calixto	2016		http://dx.doi.org/	Heuristic Optimization Applied on DMC and Cascade PI Controllers Tunning for Speed Control of DC Motor	Renewable Energy and Power Quality Journal	CARVALHO, D. F.; GANZAROLI, C. A.; DIAS, R. N. H. M.; COUTO, L. A.; ALVES, AYLTON J.; DOMINGOS, J. L.; CALIXTO, W. P.		
artigoEmPeriodico	Wesley Pacheco Calixto	2016		http://dx.doi.org/	Stochastic Modeling Applied to Prediction of Electricity Saving by using Solar Water Heating Systems for Low-Income Families	Renewable Energy & Power Quality Journal (RE&PQJ)	MENITA, B. G.; DOMINGOS, J. L.; DOMINGUES, E. G.; ALVES, A. J.; CALIXTO, W. P.		
artigoEmPeriodico	Wesley Pacheco Calixto	2016		http://dx.doi.org/10.1109/TLA.2016.7555249	Waste heat recovery plant for exhaust ducts using thermoelectric generators	Revista IEEE América Latina	Gomes, P. H. G.; CALIXTO, W. P.; FARIA, M. A. A.; STECANELLA, P. A. J.; ALVES, A. J.; DOMINGUES, E. G.		
artigoEmPeriodico	Wesley Pacheco Calixto	2014		http://dx.doi.org/	Proposal of Technical and Commercial Arrangements for Distributed Generation from the Use of Biogas in a Food Industry	Renewable Energy & Power Quality Journal (RE&PQJ)	ALMEIDA, C. A.; ALVES, A. J.; OLIVEIRA, S. B.; ZANG, J. W.; CALIXTO, W. P.; DOMINGUES, E. G.		
artigoEmPeriodico	Wesley Pacheco Calixto	2016		http://dx.doi.org/10.22149/teee.v1i4.75	Reconditioning in synchronous operation with one parallel induction generator	Transactions on Environment and Electrical Engineering	MAGALHAES, ALANA S.; MORAES, P. H. F.; SILVA, A. H. F.; Gomes, P. H. G.; ALVES, A. J.; CALIXTO, W. P.		
artigoEmPeriodico	Wesley Pacheco Calixto	2016		http://dx.doi.org/10.22149/teee.v2i1.84	Methodology for Measurement the Energy Efficiency Involving Solar Heating Systems Using Stochastic Modelling	Transactions on Environment and Electrical Engineering	MENITA, B. G.; MEDEIROS, G. P.; DOMINGOS, J. L.; DOMINGUES, E. G.; ALVES, A. J.; FARIA, A. F.; MIGUEL, M. L. S.; CALIXTO, W. P.		
artigoEmPeriodico	Wesley Pacheco Calixto	2016		http://dx.doi.org/10.22149/teee.v2i1.80	Metric for Calculation of System Complexity based on its Connections	Transactions on Environment and Electrical Engineering	PAIVA, J. R. B.; GOMES, V. M.; RODRIGUES, B. A.; SILVA, L. F. A.; ANICETO, B. C. M.; FURRIEL, G. P.; CALIXTO, W. P.		
artigoEmPeriodico	Wesley Pacheco Calixto	2017		http://dx.doi.org/10.22149/teee.v2i2.85	Geoelectric method applied in correlation between physical characteristics and electrical properties of the soil	Transactions on Environment and Electrical Engineering	SILVA FILHO, A. M.; Silva, C. L. B.; OLIVEIRA, M. A. A.; PIRES, T. G.; ALVES, A. J.; NARCISO, M. G.; CALIXTO, W. P.		
artigoEmPeriodico	Wesley Pacheco Calixto	2017		http://dx.doi.org/10.22149/teee.v2i2.92	Estimate of Geopressures using Conformal Mapping in Eccentrical Wellbores	Transactions on Environment and Electrical Engineering	SILVA, U. F.; Q. JUNIOR, M. I.; LEMOS, S.; FURRIEL, G. P.; SEGATTI, N. M. S.; SILVA, A. H. F.; CALIXTO, W. P.		
artigoEmPeriodico	Wesley Pacheco Calixto	2016		http://dx.doi.org/10.22149/teee.v2i1.89	Calculation of the influence of slot geometry on the magnetic flux density of the air gap	Transactions on Environment and Electrical Engineering	LIMA, R. A.; COIMBRA, A. C. PAULO; ALMEIDA, T.; GOMES, V. M.; PEREIRA, T. M.; ALVES, A. J.; CALIXTO, W. P.		
artigoEmPeriodico	Wesley Pacheco Calixto	2017		http://dx.doi.org/10.22149/teee.v2i2.105	Proposal of heuristic regression method applied in descriptive data analysis: case studies	Transactions on Environment and Electrical Engineering	GOMES, F. A.; ASSIS, ALFREDO DE O.; REIS, M. R. C.; GOMES, V. M.; OLIVEIRA, SOSTENES G. M.; CALIXTO, W. P.		
artigoEmPeriodico	Wesley Pacheco Calixto	2017		http://dx.doi.org/10.22149/teee.v2i2.95	Calculation of Grounding Grids Parameter at Arbitrary Geometry	Transactions on Environment and Electrical Engineering	Silva, C. L. B.; PIRES, T. G.; OLIVEIRA, D. N.; NERYS, J. W. L.; AYLTON JOSÉ ALVES; CALIXTO, W. P.		
artigoEmPeriodico	Wesley Pacheco Calixto	2017		http://dx.doi.org/10.3390/en10050639	Design Optimization of a High Power LED Matrix Luminaire	Energies	BARBOSA, J. L. F.; SIMON, DAN; CALIXTO, W. P.		
artigoEmPeriodico	Wesley Pacheco Calixto	2017		http://dx.doi.org/10.1016/j.eneco.2017.03.020	Portfolio optimization of renewable energy assets: Hydro, wind, and photovoltaic energy in the regulated market in Brazil	Energy Economics	PINHEIRO NETO, D.; DOMINGUES, E. G.; COIMBRA, A. PAULO; ALMEIDA, ANIBAL T.; ALVES, A. J.; CALIXTO, W. P.		
artigoEmPeriodico	Wesley Pacheco Calixto	2016		http://dx.doi.org/10.22149/teee.v2i1.90	Increasing photovoltaic panel power through water cooling technique	Transactions on Environment and Electrical Engineering	MATIAS, CALEBE ABRENHOSA; SANTOS, LICÍNIO M.; ALVES, AYLTON J.; CALIXTO, WESLEY P.		
artigoEmPeriodico	Wesley Pacheco Calixto	2016		http://dx.doi.org/10.22149/teee.v2i1.91	Efficiency Improvement of Switched Reluctance Generator Using Optimization Techniques	Transactions on Environment and Electrical Engineering	REIS, MÁRCIO RODRIGUES DA CUNHA; DE ARAÚJO, WANDERSON RAINER HILÁRIO; Calixto, Wesley Pacheco		
artigoEmPeriodico	Wesley Pacheco Calixto	2017		http://dx.doi.org/10.22149/teee.v2i2.98	Hybrid Optimization Process Applied to Tuning of Dynamic Matrix Control: Study Case with DC Motor	Transactions on Environment and Electrical Engineering	DE CARVALHO, DOUGLAS FREIRE; GANZAROLI, CLEBER ASMAR; DO COUTO, LUIZ ALBERTO; DIAS, RAFAEL NUNES HIDALGO MONTEIRO; Calixto, Wesley Pacheco		
artigoEmPeriodico	Wesley Pacheco Calixto	2017		http://dx.doi.org/10.22149/teee.v2i2.99	Analysis and monitoring of electrical grounding grid encapsulated with concrete: case study using simulation in finite element method	Transactions on Environment and Electrical Engineering	PEREIRA, THIAGO MARTINS; LIMA, RODRIGO ALVES; GOMES, VIVIANE MARGARIDA; Alves, Aylton José; Calixto, Wesley Pacheco		
artigoEmPeriodico	Wesley Pacheco Calixto	2017		http://dx.doi.org/10.22149/teee.v2i2.93	Simulation and analysis of an isolated full-bridge DC/DC boost converter operating with a modified perturb and observe maximum power point tracking algorithm	Transactions on Environment and Electrical Engineering	MATIAS, CALEBE A.; MEDEIROS, GIRODANI PACÍFICO; MORAES, PEDRO H. F.; FERNANDES, BRUNO DE A.; ALVES, AYLTON J.; CALIXTO, WESLEY P.; FURRIEL, GEOVANNE P.		
artigoEmPeriodico	Wesley Pacheco Calixto	2018		http://dx.doi.org/10.1080/15325008.2018.1444686	Methodology of Investment Risk Analysis for Wind Power Plants in the Brazilian Free Market	ELECTRIC POWER COMPONENTS AND SYSTEMS	PINHEIRO NETO, D.; DOMINGUES, E. G.; CALIXTO, W. P.; ALVES, A. J.		
artigoEmPeriodico	Wesley Pacheco Calixto	2016		http://dx.doi.org/	Energy Efficiency and Distributed Generation: Case Study	Renewable Energy and Power Quality Journal	FERREIRA, A. F.; DOMINGOS, JOSE L.; MORAES, P. H. F.; DOMINGUES, E. G.; ALVES, A. J.; CALIXTO, W. P.		
artigoEmPeriodico	Wesley Pacheco Calixto	2018		http://dx.doi.org/10.24084/repqj16.230	A First Approach on the Impact of Distributed Generation and network topology on Studies of Voltage Sags	RENEWABLE ENERGY & POWER QUALITY JOURNAL (RE&PQJ)	Ramos, A. C. L.; BATISTA, A.J.; LEBORGNE, R.C.; DOMINGUES, E.G.; CALIXTO, W.P.		
artigoEmPeriodico	Wesley Pacheco Calixto	2019		http://dx.doi.org/10.1155/2019/1303241	Mechanism for Measuring System Complexity Applying Sensitivity Analysis	COMPLEXITY	GOMES, V. M.; PAIVA, J. R. B.; REIS, M. R. C.; WAINER, G. A.; CALIXTO, W.P.		
artigoEmPeriodico	Wesley Pacheco Calixto	2019		http://dx.doi.org/10.1016/j.conengprac.2019.06.007	Optimized techniques for driving and control of the switched reluctance motor to improve efficiency	CONTROL ENGINEERING PRACTICE	REIS, M. R. C.; ARAUJO, W. R. H.; GOMES, V. M.; SILVA, FELIPPE S.; GANZAROLI, C. A.; GOMES, F. A.; WAINER, G. A.; CALIXTO, W.P.		
artigoEmPeriodico	Wesley Pacheco Calixto	2019		http://dx.doi.org/10.1016/j.chaos.2019.109509	Indirect prediction system for variables that have gaps in their time series	CHAOS SOLITONS & FRACTALS	BULHOES, JUNIO S.; MARTINS, CRISTIANE L.; OLIVEIRA, MARCIA D.; CALHEIROS, DEBORA F.; CALIXTO, WESLEY P.		
artigoEmPeriodico	Wesley Pacheco Calixto	2016		http://dx.doi.org/	Investment Risk Analysis in the Use of Landfill Biogas for Electricity Generation	RENEWABLE ENERGY & POWER QUALITY JOURNAL (RE&PQJ)	COSTA, A. N.; MEDEIROS, G. P.; CALIXTO, W. P.; Alves A. J.; PINHEIRO NETO, D.; DOMINGUES E. G., Elder G. Domingues		
artigoEmPeriodico	Wesley Pacheco Calixto	2020		http://dx.doi.org/10.1002/2050-7038.12365	Experimental study of induction generator as a repowering solution	International Transactions on Electrical Energy Systems	MAGALHAES, A. S.; BULHOES, JUNIO S.; REIS, M. R. C.; GOMES, V. M.; SILVA, A. H. F.; Alves, A. J.; WAINER, G. A.; GANZAROLI, C. A.; ARAUJO, W. R. H.; CALIXTO, W. P.		
artigoEmPeriodico	Wesley Pacheco Calixto	2013		http://dx.doi.org/	Pump Speed Control in Center Pivot Irrigation - A Perspective of Rationalization and Electrical	Electrical Engineering Electronic Journal	Alves, A. J.; CALIXTO, W. P.; Alvarenga, B; BARBOSA, J. L. F.; DOMINGUES, E. G.		
trabalhoCompletoEmCongresso	Wesley Pacheco Calixto	2002		Robótica	IX Jornada de Educação Matemática (IX JEM)	CALIXTO, W. P.; SILVA, Adriano Fonseca da; SILVA, Clebes André da; FARIA, Jean Alves de; PIRES FILHO, W. G.		
trabalhoCompletoEmCongresso	Wesley Pacheco Calixto	2003		Robótica	Jornada Pedagógica da Educação	CALIXTO, W. P.; SILVA, Adriano Fonseca da; SILVA, Clebes André da; FARIA, Jean Alves de; PIRES FILHO, W. G.		
trabalhoCompletoEmCongresso	Wesley Pacheco Calixto	2002		Robótica	VI Congresso Estadual de Informática na Educação	CARVALHO, Rose Mary Almas de; SILVA, Adriano Fonseca da; SILVA, Clebes André da; FARIA, Jean Alves de; PIRES FILHO, W. G.; CALIXTO, W. P.		
trabalhoCompletoEmCongresso	Wesley Pacheco Calixto	2002		Robótica Educativa	Jornada de Produção Científica das Universidades do Centro Oeste	CALIXTO, W. P.; SILVA, Clebes André da		
trabalhoCompletoEmCongresso	Wesley Pacheco Calixto	2004		Poluição Sonora	V Fórum Brasileiro de Educação Ambiental	CALIXTO, W. P.; RODRIGUES, C. G.		
trabalhoCompletoEmCongresso	Wesley Pacheco Calixto	2004		Robótica	Jornada Pedagógica de Educação	CALIXTO, W. P.; SILVA, Adriano Fonseca da; SILVA, Clebes André da; FARIA, Jean Alves de; PIRES FILHO, W. G.		
trabalhoCompletoEmCongresso	Wesley Pacheco Calixto	2006		Solução de Problemas Eletromagnéticos por Transformações Conformes	VII Congresso Brasileiro de Eletromagnetismo - MOMAG	CALIXTO, W. P.; ALVARENGA, B. P		
trabalhoCompletoEmCongresso	Wesley Pacheco Calixto	2010		Algoritmo Genético Aplicado a um Método de Prospecção Geoelétrico	Simpósio Brasileiro de Sistemas Elétricos	CALIXTO, W. P.; MARTINS NETO, L.; Wu, Marcel; MACHADO FILHO, H. B.; Yamanaka, Keiji		
trabalhoCompletoEmCongresso	Wesley Pacheco Calixto	2010		Genetic Algorithm Applied in a Geoelectrical Prospecting Method	9ª International Conference on Environment and Electrical Engineering	CALIXTO, W. P.; MARTINS NETO, L.; Wu, Marcel; Yamanaka, Keiji; MACHADO FILHO, H. B.		
trabalhoCompletoEmCongresso	Wesley Pacheco Calixto	2010		Aplicação do Mapeamento Conforme no Cálculo do Fator de Carter	IX Congresso Brasileiro de Eletromagnetismo - MOMAG	CALIXTO, W. P.; ALVARENGA, B. P		
trabalhoCompletoEmCongresso	Wesley Pacheco Calixto	2010		Obtenção da Condutividade Elétrica do Solo e suas Respectivas Espessuras Utilizando Heurística Moderna	Congresso Brasileiro de Agricultura de Precisão - ConBap	CALIXTO, W. P.; MARTINS NETO, L.; Wu, Marcel; Alves, A. J.; Kliemann, Huberto José		
trabalhoCompletoEmCongresso	Wesley Pacheco Calixto	2010		Methodology for Tridimensional Soil Stratification	3rd International Conference on Power Electronics and Intelligent Transportation System - IEEE/PEITS 2010	CALIXTO, W. P.; SA, Angela Abreu Rosa de; ANTUNES, Carlos F. R. Lemos; Wu, Marcel; Cardoso, Alexandre; Alves, A. J.; MARTINS NETO, L.		
trabalhoCompletoEmCongresso	Wesley Pacheco Calixto	2010		Electrical Parameters Estimation of the Salient Poles Machine in Phase Variables	3rd International Conference on Power Electronics and Intelligent Transportation System - IEEE/PEITS 2010	Alves, A. J.; CALIXTO, W. P.; Wu, Marcel; ALVARENGA, B. P; MARTINS NETO, L.; Cardoso, Alexandre		
trabalhoCompletoEmCongresso	Wesley Pacheco Calixto	2011		Modeling validation of Salient Pole Synchronous Machines from experimental inductances	IEEE - 10th International Conference on Environment and Electrical Engineering (EEEIC)	Alves, A. J.; Wu, Marcel; MARTINS NETO, L.; CALIXTO, W. P.; ALVARENGA, B. P		
trabalhoCompletoEmCongresso	Wesley Pacheco Calixto	2011		Salient Pole Synchronous Machine, a New Modeling of Inductances Validation	12th Portuguese-Spanish Conference on Electrical Engineering - XIICLEEE	Alves, A. J.; MARTINS NETO, L.; CALIXTO, W. P.; Wu, Marcel; ALVARENGA, B. P		
trabalhoCompletoEmCongresso	Wesley Pacheco Calixto	2011		Carter Factor Calculation by Finite Element and Domain Transformation Methods	32th Iberian Latin-American Congress on Computational Methods in Engineering - XXXII CILAMCE	CALIXTO, W. P.; Coimbra, A. P.; Silva, W. G.; ALVARENGA, B. P		
trabalhoCompletoEmCongresso	Wesley Pacheco Calixto	2012		Determinação das Indutâncias da Máquina Síncrona de Pólos Salientes em Variáveis de Fase	10º Congresso Brasileiro de Eletromagnetismo - MOMAG	Alves, A. J.; CALIXTO, W. P.; DOMINGUES, E. G.; MARTINS NETO, L; Alvarenga, B		
trabalhoCompletoEmCongresso	Wesley Pacheco Calixto	2012		Otimização da Lente Secundária para Lâmpadas de LED.	IX Congresso de Pesquisa Ensino e Extensão - IX CONPEEX	BARBOSA, J. L. F.; SILVA FILHO, A. M.; CALIXTO, W. P.; BRITO, L. C.; Alves, A. J.; Coimbra, A. P.		
trabalhoCompletoEmCongresso	Wesley Pacheco Calixto	2013		Pump Speed Control in Center Pivot Irrigation System - A Perspective of Rationalization and Quality of Energy	13th Spanish Portuguese Conference on Electrical Engineering (XIII CHLIE)	Alves, A. J.; CALIXTO, W. P.; DOMINGUES, E. G.; BARBOSA, J. L. F.; Alvarenga, B		
trabalhoCompletoEmCongresso	Wesley Pacheco Calixto	2013		Secondary Lens Optimization for LED Lamps	13th Spanish Portuguese Conference on Electrical Engineering (XIII CHLIE)	BARBOSA, J. L. F.; CALIXTO, W. P.; BRITO, L. C.; Alves, A. J.; MARRA, E. G.; COIMBRA, A. PAULO		
trabalhoCompletoEmCongresso	Wesley Pacheco Calixto	2013		Heuristic and deterministic strategies applied on a PID controller tuning for speed control of a DC motor	2013 13th International Conference on Environment and Electrical Engineering (EEEIC)	REIS, MARCIO R. C.; Alvarenga, Bernardo; DA SILVA, WANDER G.; GANZAROLI, CLEBER. A.; CALIXTO, WESLEY. P.; DE ARAUJO, WANDERSON R. H.; ALVES, AYLTON J.; DOMINGUES, ELDER G.		
trabalhoCompletoEmCongresso	Wesley Pacheco Calixto	2013		Firing angles optimization for Switched Reluctance Generator using Genetic Algorithms	2013 13th International Conference on Environment and Electrical Engineering (EEEIC)	ARAUJO, WANDERSON R. H.; GANZAROLI, CLEBER A.; CALIXTO, WESLEY. P.; ALVES, AYLTON J.; VIAJANTE, GHUNTER P.; REIS, MARCIO R. C.; SILVEIRA, AUGUSTO F. V.		
trabalhoCompletoEmCongresso	Wesley Pacheco Calixto	2013		Estratégias Determinística e Heurística para a Sintonia do Controlador PID aplicado ao Controle de Velocidade da Máquina de Corrente Contínua	X Congresso de pesquisa, ensino e extensão - CONPEEX	REIS, M. R. C.; GANZAROLI, C. A.; ARAUJO, W. R. H.; MELO, O. R.; CARARO, J. A. G.; SANTANA, M. L.; ALVARENGA, B. P; Silva, W. G.; CALIXTO, W. P.		
trabalhoCompletoEmCongresso	Wesley Pacheco Calixto	2013		Simulação e Otimização das filas nos elevadores do Fórum da cidade de Goiânia aplicando a teoria de Sistema a Eventos Discretos	X Congresso de pesquisa, ensino e extensão - CONPEEX	SILVA, C. A.; SANTOS, L. E. B.; ALVES, A. J.; DOMINGUES, E. G.; CALIXTO, W. P.		
trabalhoCompletoEmCongresso	Wesley Pacheco Calixto	2013		Geoprospecção Aplicada a Caracterização do Solo	X Congresso de pesquisa, ensino e extensão - CONPEEX	SILVA FILHO, A. M.; ALVES, A. J.; MIRANDA, M. C. C.; CALIXTO, W. P.		
trabalhoCompletoEmCongresso	Wesley Pacheco Calixto	2013		Implementação Paralela de Programação Genética e sua Aplicação em Regressão Simbólica	IV Escola Regional de Informática da Sociedade Brasileira de Computação	MARQUES, L. G.; Yamanaka, Keiji; CALIXTO, W. P.		
trabalhoCompletoEmCongresso	Wesley Pacheco Calixto	2014		Study of parameters for the design of a continuous flow laboratory biogas reactor	International Conference on Renewable Energies and Power Quality (ICREPQ 2014)	ALMEIDA, C. A.; ALVES, A. J.; OLIVEIRA, S. B.; Zang, J. W.; CALIXTO, W. P.; DOMINGUES, E. G.		
trabalhoCompletoEmCongresso	Wesley Pacheco Calixto	2014		A First Approach on the Impact of Distributed Generation on Voltage Sags	International Conference on Renewable Energies and Power Quality (ICREPQ 2014)	Ramos, A. C. L.; BATISTA, A. J.; LEBORGNE, R. C.; DOMINGUES, E. G.; CALIXTO, W. P.; ALVES, A. J.		
trabalhoCompletoEmCongresso	Wesley Pacheco Calixto	2014		Proposal of Technical and Commercial Arrangements for Distributed Generation from the Use of Biogas in a Food Industry	International Conference on Renewable Energies and Power Quality (ICREPQ 2014)	Ramos, A. C. L.; CALIXTO, W. P.; ALVES, A. J.; DOMINGUES, E. G.; OLIVEIRA, S. B.; COELHO, S. T.		
trabalhoCompletoEmCongresso	Wesley Pacheco Calixto	2014		Análise da Viabilidade Técnico-Econômica da Implantação de Sistema Híbrido de Geração de Energia Elétrica Solar-Biomassa em Frigoríficos de Suínos	V Congresso Brasileio de Energia Solar	ANDRADE, R. A.; DOMINGUES, E. G.; DOMINGOS, J. L.; CALIXTO, W. P.; ALVES, A. J.		
trabalhoCompletoEmCongresso	Wesley Pacheco Calixto	2014		Multilayer Soil Parameters Estimation Optimization Using Genetic Algorithms	International Conference on Grounding and Earthing & International Conference on Lightning Physics and Effects (GROUND'2014 & 6th LPE)	OLIVEIRA, D. N.; CALIXTO, W. P.; Alves, A. J.; Silva, C. L. B.; MOTA, I. L.		
trabalhoCompletoEmCongresso	Wesley Pacheco Calixto	2014		Aplicação da teoria de Sistema a Eventos Discretos no processo de otimização das filas em hospitais	Congresso de Pesquisa, Ensino e Extensão	SANTOS, L. E. B.; SILVA, C. A.; CALIXTO, W. P.		
trabalhoCompletoEmCongresso	Wesley Pacheco Calixto	2014		Modelo Espacial para Análise Comparativa dos Cenários da Rede de Distribuição de Energia Elétrica Utilizando Método Fuzzy C-Médias	Seminário de Eletrônica de Potência e Controle & Seminário de Energia e Sistemas de Potência	CAETANO NETO, J.; ALVES, A. J.; DOMINGUES, E. G.; CALIXTO, W. P.		
trabalhoCompletoEmCongresso	Wesley Pacheco Calixto	2014		Modelo Espacial para Análise da Rede de Distribuição de Energia Utilizando Técnicas de Classificação e os Conceitos de Redes Inteligentes	Congresso Nacional de Matemática Aplicada e Computacional	CAETANO NETO, J.; CALIXTO, W. P.		
trabalhoCompletoEmCongresso	Wesley Pacheco Calixto	2014		Técnicas de otimização aplicadas ao Gerador a Relutância Chaveado para Conexão a Redes Monofásicas	Redes Elétricas Inteligentes	ARAUJO, W. R. H.; REIS, M. R. C.; GANZAROLI, C. A.; ALVES, A. J.; DOMINGUES, E. G.; BRAGANCA, F. J. P. M.; CALIXTO, W. P.		
trabalhoCompletoEmCongresso	Wesley Pacheco Calixto	2014		Estudo Teórico e Experimental da Impedância do Solo Frente a Aplicação de Impulsos de Corrente	Congresso de Pesquisa, Ensino e Extensão	Ferraz, R. da S.; CALIXTO, W. P.		
trabalhoCompletoEmCongresso	Wesley Pacheco Calixto	2014		Malha de Aterramento: Cálculo de Parâmetros em Geometrias não Convencionais	Congresso de Pesquisa, Ensino e Extensão	PIRES, T. G.; Silva, C. L. B.; CALIXTO, W. P.		
trabalhoCompletoEmCongresso	Wesley Pacheco Calixto	2014		Metodologia para Determinação do Fator de Carter em três Dimensões	16º SBMO - Simpósio Brasileiro de Micro-ondas e Optoeletrônica & 11º CBMag - Congresso Brasileiro de Eletromagnetismo	LIMA, R. A.; PEREIRA, T. M.; Alvarenga, B; BARBOSA, J. L. F.; ALVES, A. J.; DOMINGUES, E. G.; CALIXTO, W. P.		
trabalhoCompletoEmCongresso	Wesley Pacheco Calixto	2014		Controle de MIT por inversores de frequência versus controle por escorregamento em sistemas de bombeamento: Uma avaliação qualitativa	Congresso de Pesquisa, Ensino e Extensão	FURRIEL, G. P.; NASCIMENTO, R. N. C.; DOMINGUES, E. G.; ALVES, A. J.; CALIXTO, W. P.		
trabalhoCompletoEmCongresso	Wesley Pacheco Calixto	2014		Simulação das filas dos elevadores do Fórum da Cidade de Goiânia utilizando o Software Arena	Congresso de Pesquisa, Ensino e Extensão	SILVA, C. A.; SANTOS, L. E. B.; MAGALHAES, A. S.; ALVES, A. J.; DOMINGUES, E. G.; CALIXTO, W. P.		
trabalhoCompletoEmCongresso	Wesley Pacheco Calixto	2014		Influência das Distribuições de Probabilidade na Geração de Séries Sintéticas de Velocidade	Congresso de Pesquisa, Ensino e Extensão	FONSECA, L. C.; DOMINGUES, E. G.; PINHEIRO NETO, D.; CALIXTO, W. P.		
trabalhoCompletoEmCongresso	Wesley Pacheco Calixto	2014		Influência da Estrutura de Concreto nos Sistemas de Aterramentos Elétricos: Simulação através do Método dos Elementos Finitos	Congresso de Pesquisa, Ensino e Extensão	PEREIRA, T. M.; CALIXTO, W. P.		
trabalhoCompletoEmCongresso	Wesley Pacheco Calixto	2014		Cálculo de Capacitância em Capacitores de Placas Cilíndricas e Semicilíndricas Utilizando Transformações Conformes	Congresso de Pesquisa, Ensino e Extensão	SILVA, A. H. F.; CALIXTO, W. P.; SILVA, U. F.; MAGALHAES, A. S.; ALVES, A. J.; DOMINGUES, E. G.		
trabalhoCompletoEmCongresso	Wesley Pacheco Calixto	2014		Comparação dos Tempos de Reação Simples em Relação ao Gênero e a Prática de Jogos Eletrônicos	Congresso de Pesquisa, Ensino e Extensão	KLAFKE, M.; SANTANA, M. L.; MAGALHAES, A. B.; FERREIRA, C. C.; SOUZA, K. S.; OLIVEIRA FILHO, R. M.; TOLENTINO, R. F.; COSTA, T. C. B.; CALIXTO, W. P.		
trabalhoCompletoEmCongresso	Wesley Pacheco Calixto	2014		Métodos Determinísticos e Heurísticos Aplicados na Sintonia do Controlador PID	Redes Elétricas Inteligentes	REIS, M. R. C.; GANZAROLI, C. A.; ARAUJO, W. R. H.; Bezerra, C. A. V.; Alvarenga, B; Silva, W. G.; SANTANA, M. L.; MELO, O. R.; CARARO, J. A. G.; CALIXTO, W. P.		
trabalhoCompletoEmCongresso	Wesley Pacheco Calixto	2014		Geoprospecting applied to soil characterization	9th International Symposium AgroEnviron	SILVA FILHO, A. M.; GODOI, F. F. F.; PROJETA, F. A.; Silva, C. L. B.; SILVA, J. R. S.; MIRANDA, M. C. C.; DOMINGUES, E. G.; ALVES, A. J.; CALIXTO, W. P.		
trabalhoCompletoEmCongresso	Wesley Pacheco Calixto	2014		Identification of soil's variability through geoprospecting	9th International Symposium AgroEnviron	SILVA FILHO, A. M.; PEREIRA, T. M.; GODOI, F. F. F.; SILVA, J. R. S.; MONTEIRO, T. K. M.; SILVA, M. C.; ALVES, A. J.; MIRANDA, M. C. C.; Silva, C. L. B.; CALIXTO, W. P.; NARCISO, M. G.		
trabalhoCompletoEmCongresso	Wesley Pacheco Calixto	2014		Preliminary Results on the Energetic use of Biogas Produced in a Food Industry Facility: Technical and Commercial Arrangements	22nd European Biomass Conference and Exhibition	Ramos, A. C. L.; CALIXTO, W. P.; ALVES, A. J.; DOMINGUES, E. G.; OLIVEIRA, S. B.; COELHO, S. T.		
trabalhoCompletoEmCongresso	Wesley Pacheco Calixto	2015		Geometry optimization of exhaust ducts applied in thermoelectric cogeneration efficiency	2015 IEEE 15th International Conference on Environment and Electrical Engineering (EEEIC)	GOMES, PEDRO H. G.; CALIXTO, WESLEY P.; FARIA, MESSIAS A. A.; STECANELLA, PRISCILLA A. J.; ALVES, AYLTON J.; DOMINGUES, ELDER G.		
trabalhoCompletoEmCongresso	Wesley Pacheco Calixto	2015		Intelligent system for measuring soil compaction on croplands	2015 IEEE 15th International Conference on Environment and Electrical Engineering (EEEIC)	FURRIEL, GEOVANNE P.; CALIXTO, WESLEY P.; ALVES, AYLTON J.; CAMPOS, PEDRO H. M.; DOMINGUES, ELDER G.		
trabalhoCompletoEmCongresso	Wesley Pacheco Calixto	2015		Modeling, simulation and control of a thermoelectric generator	2015 IEEE 15th International Conference on Environment and Electrical Engineering (EEEIC)	FARIA, MESSIAS A. A.; STECANELLA, PRISCILLA A. J.; DOMINGUES, ELDER G.; GOMES, PEDRO H. G.; CALIXTO, WESLEY P.; ALVES, AYLTON J.		
trabalhoCompletoEmCongresso	Wesley Pacheco Calixto	2015		Eletricity generation using thermoelectric generator - TEG	2015 IEEE 15th International Conference on Environment and Electrical Engineering (EEEIC)	STECANELLA, PRISCILLA A. J.; FARIA, MESSIAS A. A.; DOMINGUES, ELDER G.; GOMES, PEDRO H. G.; CALIXTO, WESLEY P.; ALVES, AYLTON J.		
trabalhoCompletoEmCongresso	Wesley Pacheco Calixto	2015		A photovoltaic system installed on the rooftop of a industry: A technical and economical study	2015 IEEE 15th International Conference on Environment and Electrical Engineering (EEEIC)	RODRIGUES, JONATAS M.; ALVES, AYLTON J.; DOMINGUES, ELDER G.; DOMINGOS, JOSE L.; ABRAO, PEDRO J.; CALIXTO, WESLEY P.		
trabalhoCompletoEmCongresso	Wesley Pacheco Calixto	2015		Particle Swarm Optimization with multi-ring topology applied to the optimization of power transmission line parameters	2015 IEEE 15th International Conference on Environment and Electrical Engineering (EEEIC)	ARRUDA, SERGIO; Alvarenga, Bernardo; CALIXTO, WESLEY		
trabalhoCompletoEmCongresso	Wesley Pacheco Calixto	2015		Thermal simulation and validation of 5W high power LED luminaire	2015 IEEE 15th International Conference on Environment and Electrical Engineering (EEEIC)	BARBOSA, JOSE LUIZ F.; CALIXTO, WESLEY P.; LIMA, RODRIGO A.; ALVES, AYLTON J.; DOMINGUES, ELDER G.		
trabalhoCompletoEmCongresso	Wesley Pacheco Calixto	2015		Análise da influência de sistema radicular no solo através de método de prospecção geoelétrico	XXXV Congresso Brasileiro de Ciência do Solo	SILVA, J. R. S.; GODOI, F. F. F.; PROJETA, F. A.; CALIXTO, W. P.; MIRANDA, M. C. C.		
trabalhoCompletoEmCongresso	Wesley Pacheco Calixto	2015		Análise da influência da aplicação de vinhaça no solo através de método de prospecção geoelétrico	XXXV Congresso Brasileiro de Ciência do Solo	SILVA, J. R. S.; GODOI, F. F. F.; PROJETA, F. A.; CALIXTO, W. P.; MIRANDA, M. C. C.		
trabalhoCompletoEmCongresso	Wesley Pacheco Calixto	2015		Regulação de velocidade do motor a relutância chaveado empregando controlador fuzzy	Congresso de Matemática Aplicada e Computacional	REIS, M. R. C.; ARAUJO, W. R. H.; CALIXTO, W. P.		
trabalhoCompletoEmCongresso	Wesley Pacheco Calixto	2015		Investment risk analysis for eolic power plants in the free contracting environment	2015 IEEE International Conference on Industrial Technology (ICIT)	NETO, DAYWES P.; DOMINGUES, ELDER G.; CALIXTO, WESLEY P.; ALVES, AYLTON J.; LIMA, RODRIGO A.		
trabalhoCompletoEmCongresso	Wesley Pacheco Calixto	2015		Investment risk analysis for photovoltaic power plant in the free contracting environment	2015 12th International Conference on the European Energy Market (EEM)	NETO, DAYWES P.; DOMINGUES, ELDER G.; COIMBRA, A. PAULO; ALMEIDA, ANIBAL T.; CALIXTO, WESLEY P.		
trabalhoCompletoEmCongresso	Wesley Pacheco Calixto	2015		Waste heat recovery plant for exhaust ducts using thermoelectric generators	IEEE Congreso Chileno de Ingeniería Eléctrica, Electrónica, Tecnologías de la Información y Comunicaciones	Gomes, P. H. G.; CALIXTO, W. P.; FARIA, M. A. A.; STECANELLA, P. A. J.; ALVES, A. J.; DOMINGUES, E. G.		
trabalhoCompletoEmCongresso	Wesley Pacheco Calixto	2015		Methodology for 3D mapping soil electrical conductivity: A case study	2015 CHILEAN Conference on Electrical, Electronics Engineering, Information and Communication Technologies (CHILECON)	CALIXTO, W. P.; NOBRE, F. S.; ALVES, A. J.; DOMINGUES, E. G.; DOMINGOS, J. L.; PIRES, T. G.; FERRAZ, R. S.; GOMES, V. M.		
trabalhoCompletoEmCongresso	Wesley Pacheco Calixto	2015		Computation of grounding grids parameter on unconventional geometry	2015 CHILEAN Conference on Electrical, Electronics Engineering, Information and Communication Technologies (CHILECON)	PIRES, THYAGO G.; SILVA, CARLOS L. B.; OLIVEIRA, DIOGO N.; NERYS, JOSE W. L.; ALVES, AYLTON J.; CALIXTO, WESLEY P.		
trabalhoCompletoEmCongresso	Wesley Pacheco Calixto	2015		Measurement and verification in energy efficiency projects involving solar water heating systems in homes of low-income families  Case studies	2015 CHILEAN Conference on Electrical, Electronics Engineering, Information and Communication Technologies (CHILECON)	MENITA, BRUNO G.; DOMINGOS, JOSE L.; DOMINGUES, ELDER G.; ALVES, AYLTON J.; CALIXTO, WESLEY P.; GARCIA, AGENOR G. P.; FARIA, ADRIANO F.DE; MIGUEL, MARCIO L. S.		
trabalhoCompletoEmCongresso	Wesley Pacheco Calixto	2015		Automatic instrument for measuring soil penetration resistance	2015 CHILEAN Conference on Electrical, Electronics Engineering, Information and Communication Technologies (CHILECON)	FURRIEL, GEOVANNE P.; CALIXTO, WESLEY P.; ALVES, AYLTON J.; FILHO, ANTONIO M. S.; OLIVEIRA, SOSTENES G. M.; DOMINGOS, JOSE L.; DOMINGUES, ELDER G.		
trabalhoCompletoEmCongresso	Wesley Pacheco Calixto	2015		Application of conformal mapping in the calculation of geological pressures	2015 CHILEAN Conference on Electrical, Electronics Engineering, Information and Communication Technologies (CHILECON)	SILVA, UYARA F.; MANOEL, I. Q.; FURRIEL, GEOVANNE P.; SILVA, ALAN H. F.; ALVES, AYLTON J.; CALIXTO, WESLEY P.		
trabalhoCompletoEmCongresso	Wesley Pacheco Calixto	2015		Methodology to correlate the humidity, compaction and soil apparent electrical conductivity	2015 CHILEAN Conference on Electrical, Electronics Engineering, Information and Communication Technologies (CHILECON)	FILHO, ANTONIO M. S.; FURRIEL, GEOVANNE P.; CALIXTO, WESLEY P.; ALVES, AYLTON J.; PROFETA, FRANCISCO A.; DOMINGOS, JOSE L.; DOMINGUES, ELDER G.; NARCISO, MARCELO G.		
trabalhoCompletoEmCongresso	Wesley Pacheco Calixto	2015		A methodology for calculation of complexity in systems: Case study	2015 CHILEAN Conference on Electrical, Electronics Engineering, Information and Communication Technologies (CHILECON)	SANTOS, LUCIANO; SILVA, CLEBES; PAIVA, JOAO; GOMES, VIVIANE; OLIVEIRA, SOSTENES; ALVES, AYLTON; CALIXTO, WESLEY		
trabalhoCompletoEmCongresso	Wesley Pacheco Calixto	2015		Analysis of switched reluctance motor efficiency under different speed control strategies	2015 CHILEAN Conference on Electrical, Electronics Engineering, Information and Communication Technologies (CHILECON)	RODRIGUES DA CUNHA REIS, MARCIO; DE ARAUJO, WANDERSON RAINER HILARIO; Calixto, Wesley Pacheco; ALVES, AYLTON JOSE		
trabalhoCompletoEmCongresso	Wesley Pacheco Calixto	2015		Repowering of a synchronous generation plant by induction generator	2015 CHILEAN Conference on Electrical, Electronics Engineering, Information and Communication Technologies (CHILECON)	MAGALHAES, ALANA S.; LEOVIR, C. A.; MATIAS, CALEBE A.; SILVA, ALAN H. F.; DOMINGUES, ELDER G.; ALVES, AYLTON. J.; CALIXTO, WESLEY P.		
trabalhoCompletoEmCongresso	Wesley Pacheco Calixto	2015		Heuristic and deterministic strategies applied on cascade PI controller tuning for speed control of a DC motor	2015 CHILEAN Conference on Electrical, Electronics Engineering, Information and Communication Technologies (CHILECON)	GANZAROLI, CLEBER A.; DE CARVALHO, DOUGLAS F.; DIAS, RAFAEL N. H. M.; REIS, MARCIO R. C.; ALVES, AYLTON J.; DOMINGOS, JOSE L.; CALIXTO, WESLEY P.		
trabalhoCompletoEmCongresso	Wesley Pacheco Calixto	2015		Construction of an impulse current generator prototype applied in electrical grounding systems	2015 CHILEAN Conference on Electrical, Electronics Engineering, Information and Communication Technologies (CHILECON)	FERRAZ, RAFAEL; OLIVEIRA, SOSTENES; SILVA, ALAN; NERYS, JOSE; ALVES, AYLTON; CALIXTO, WESLEY		
trabalhoCompletoEmCongresso	Wesley Pacheco Calixto	2015		Optimized exhaust duct applied in thermoelectric waste heat recovery system	23rd ABCM International Congress of Mechanical Engineering	PEDRO HENRIQUE GARCIA GOMES; WESLEY PACHECO CALIXTO; PRISCILLA ARAÚJO JUÁ STECANELLA; MESSIAS ANAIN ALMEIDA FARIA; AYLTON JOSÉ ALVES; ELDER GERALDO DOMINGUES		
trabalhoCompletoEmCongresso	Wesley Pacheco Calixto	2015		Simulation and determination of grounding grid parameters in non-symmetrical shapes	2015 IEEE 13th Brazilian Power Electronics Conference and 1st Southern Power Electronics Conference (COBEP/SPEC)	PIRES, THYAGO G.; DA SILVA, CARLOS L. B.; CALIXTO, WESLEY P.; OLIVEIRA, DIOGO N.; ALVES, AYLTON J.; DOMINGUES, ELDER G.; DOMINGOS, JOSE L.; FURRIEL, GEOVANNE P.		
trabalhoCompletoEmCongresso	Wesley Pacheco Calixto	2015		Energetic Use of Landfill Biogas as a Power Energy Source: An Economic Feasibility Study	International Conference on Renewable Energies and Power Quality	COSTA, A. N.; DOMINGUES, E. G.; PINHEIRO NETO, D.; CALIXTO, W. P.; ALVES, A. J.; SANTOS, L.		
trabalhoCompletoEmCongresso	Wesley Pacheco Calixto	2016		Complexity Metric Applied to the Discrete Events Systems	6th International Conference on Nonlinear Science and Complexity	GOMES, V. M.; PAIVA, J. R. B.; FURRIEL, G. P.; ANICETO, B. C. M.; SILVA, L. F. A.; CALIXTO, W. P.; DOMINGUES, E. G.; CRUZ JUNIOR, G.		
trabalhoCompletoEmCongresso	Wesley Pacheco Calixto	2016		Contribuições para Medição e Verificação em Projetos de Eficiência Energética Envolvendo Aquecimento Solar de Água em Residências de Famílias de Baixa Renda	VI Congresso Brasileiro de Energia Solar - IEE/USP	MENITA, B. G.; DOMINGOS, J. L.; ALVES, A. J.; CALIXTO, W. P.; FARIA, A. F.; SILVA, M. L.		
trabalhoCompletoEmCongresso	Wesley Pacheco Calixto	2016		Parallel operation repowering of synchronous and induction generator	2016 IEEE 16th International Conference on Environment and Electrical Engineering (EEEIC)	MAGALHAES, ALANA S.; MORAES, PEDRO H. F.; SILVA, ALAN H. F.; GOMES, PEDRO H. G.; ALVES, AYLTON J.; CALIXTO, WESLEY P.		
trabalhoCompletoEmCongresso	Wesley Pacheco Calixto	2016		Geoelectrical method to obtain 3D maps for distribution of fertilizer in the soil	2016 IEEE 16th International Conference on Environment and Electrical Engineering (EEEIC)	ALVES, AYLTON J.; FURRIEL, GEOVANNE P.; CALIXTO, WESLEY P.; GODOI, FABIANA; SILVA, JOSE R. S.; PROFETA, FRANCISCO A.; DOMINGOS, JOSE L.		
trabalhoCompletoEmCongresso	Wesley Pacheco Calixto	2016		Methodology for validating measurement systems of soil compaction	2016 IEEE 16th International Conference on Environment and Electrical Engineering (EEEIC)	FURRIEL, GEOVANNE P.; ALVES, AYLTON J.; CALIXTO, WESLEY P.; SILVA, BRUNNA C. R.; MATIAS, CALEBE A.; SILVA, UYARA		
trabalhoCompletoEmCongresso	Wesley Pacheco Calixto	2016		Energy efficiency projects involving solar water heating systems in homes of low-income families: Measurement and verification and stochastic modelling applied to prediction of electricity saving	2016 IEEE 16th International Conference on Environment and Electrical Engineering (EEEIC)	MENITA, BRUNO G.; DOMINGOS, JOSE L.; DOMINGUES, ELDER G.; ALVES, AYLTON J.; CALIXTO, WESLEY P.; FARIA, ADRIANO F.DE; MIGUEL, MARCIO L. S.		
trabalhoCompletoEmCongresso	Wesley Pacheco Calixto	2016		Simulation and analysis of an isolated full-bridge DC/DC boost converter operating with a modified perturb and observe maximum power point tracking algorithm	2016 IEEE 16th International Conference on Environment and Electrical Engineering (EEEIC)	MATIAS, CALEBE A.; MORAES, PEDRO H. F.; FERNANDES, BRUNO DE A.; ALVES, AYLTON J.; CALIXTO, WESLEY P.; FURRIEL, GEOVANNE P.		
trabalhoCompletoEmCongresso	Wesley Pacheco Calixto	2016		Electrical performance evaluation of PV panel through water cooling technique	2016 IEEE 16th International Conference on Environment and Electrical Engineering (EEEIC)	MATIAS, CALEBE ABRENHOSA; SANTOS, LICINIO MORAES; ALVES, AYLTON JOSE; Calixto, Wesley Pacheco		
trabalhoCompletoEmCongresso	Wesley Pacheco Calixto	2016		Optimization of grounding grid's multidesign geometry	2016 IEEE 16th International Conference on Environment and Electrical Engineering (EEEIC)	SILVA, CARLOS L. B.; OLIVEIRA, DIOGO N.; PIRES, THYAGO G.; NERYS, JOSE W. L.; BARBOSA, PAULO H. S.; CALIXTO, WESLEY P.; ALVES, AYLTON J.		
trabalhoCompletoEmCongresso	Wesley Pacheco Calixto	2016		Heuristic methodology for horizontal multilayer soil stratification	2016 IEEE 16th International Conference on Environment and Electrical Engineering (EEEIC)	OLIVEIRA, DIOGO N.; SILVA, CARLOS L.B.; CALIXTO, WESLEY P.; ALVES, AYLTON J.; GOMES, VIVIANE; DOMINGOS, JOSE LUIS		
trabalhoCompletoEmCongresso	Wesley Pacheco Calixto	2016		Optimization process applied to tuning of dynamic matrix control: Study case with DC motor	2016 IEEE 16th International Conference on Environment and Electrical Engineering (EEEIC)	DE CARVALHO, DOUGLAS F.; GANZAROLI, CLEBER A.; DIAS, RAFAEL N. H. M.; COUTO, LUIS A.; CALIXTO, WESLEY P.		
trabalhoCompletoEmCongresso	Wesley Pacheco Calixto	2016		Heuristic regression method for descriptive data analysis	2016 IEEE 16th International Conference on Environment and Electrical Engineering (EEEIC)	GOMES, FLAVIO A.; GOMES, VIVIANE M.; ASSIS, ALFREDO DE O.; REIS, MARCIO R. DA C.; DA CRUZ, GELSON; CALIXTO, WESLEY P.		
trabalhoCompletoEmCongresso	Wesley Pacheco Calixto	2016		Methodology to correlate fertilizer and electrical resistance of soil	2016 IEEE 16th International Conference on Environment and Electrical Engineering (EEEIC)	FURRIEL, GEOVANNE P.; ALVES, AYLTON J.; CALIXTO, WESLEY P.; GODOI, FABIANA; SILVA, JOSE R. S.; PROFETA, FRANCISCO A.; DOMINGUES, ELDER G.		
trabalhoCompletoEmCongresso	Wesley Pacheco Calixto	2016		Calculation of system complexity based on the connections: Methodology and applications	2016 IEEE 16th International Conference on Environment and Electrical Engineering (EEEIC)	PAIVA, JOAO R. B.; GOMES, VIVIANE M.; OLIVEIRA, SOSTENES G. M.; DOMINGUES, ELDER G.; ALVES, AYLTON J.; DA CRUZ, GELSON; CALIXTO, WESLEY P.		
trabalhoCompletoEmCongresso	Wesley Pacheco Calixto	2016		Correlation method of physical characteristics with electrical properties of the soil	2016 IEEE 16th International Conference on Environment and Electrical Engineering (EEEIC)	FILHO, ANTONIO SILVA; BORGES DA SILVA, CARLOS; OLIVEIRA, MARCO; PIRES, THYAGO; ALVES, AYLTON; CALIXTO, WESLEY P.; NARCISO, MARCELO		
trabalhoCompletoEmCongresso	Wesley Pacheco Calixto	2016		Speed control for direct current motor using optimization tuning for PID controller	2016 IEEE 16th International Conference on Environment and Electrical Engineering (EEEIC)	REIS, MARCIO R. C.; SILVA, FELIPPE S.; ARAUJO, WANDERSON R. H.; CALIXTO, WESLEY P.; ARAUJO, DANIEL S.; MENDES, IAGO N.; ROSE, RAFAEL M.		
trabalhoCompletoEmCongresso	Wesley Pacheco Calixto	2016		Switched reluctance generator efficiency improvement for wind energy applications	2016 IEEE 16th International Conference on Environment and Electrical Engineering (EEEIC)	REIS, MARCIO R. C.; CALIXTO, WESLEY P.; ARAUJO, WANDERSON R. H.; ALVES, AYLTON J.; DOMINGOS, JOSE L.		
trabalhoCompletoEmCongresso	Wesley Pacheco Calixto	2016		Synchronous compensation versus capacitive compensation for reactive power in industrial systems subjected to harmonic distortion	2016 IEEE 16th International Conference on Environment and Electrical Engineering (EEEIC)	MORAES, PEDRO H. F.; MAGALHAES, ALANA S.; FERREIRA, ADRIANO F.; PAIVA, JOAO R. B.; ALVES, AYLTON J.; CALIXTO, WESLEY P.; DOMINGOS, JOSE L.; ABRAO, PEDRO J.		
trabalhoCompletoEmCongresso	Wesley Pacheco Calixto	2016		Analysis of the soil impedance in high frequencies using an electric impulse generator prototype	2016 IEEE 16th International Conference on Environment and Electrical Engineering (EEEIC)	DA SILVA FERRAZ, RAFAEL; OLIVEIRA, SOSTENES G. M.; DE OLIVEIRA, SERGIO BOTELHO; Calixto, Wesley Pacheco		
trabalhoCompletoEmCongresso	Wesley Pacheco Calixto	2016		Conformai mapping applied to the estimate of Surge and Swab geopressures	2016 IEEE 16th International Conference on Environment and Electrical Engineering (EEEIC)	SILVA, UYARA F.; MANOEL, I. Q.; SILVA, ALAN H. F.; CALIXTO, WESLEY P.; LEMOS, SANTIAGO; FURRIEL, GEOVANNE P.		
trabalhoCompletoEmCongresso	Wesley Pacheco Calixto	2016		Geoelectrical prospection to obtain distribution maps of fertilizer in the soil	2016 IEEE 16th International Conference on Environment and Electrical Engineering (EEEIC)	DE OLIVEIRA, SERGIO B.; ALVES, AYLTON J.; CALIXTO, WESLEY P.; FURRIEL, GEOVANNE P.; GODOI, FABIANA; SILVA, JOSE R. S.; PROFETA, FRANCISCO A.		
trabalhoCompletoEmCongresso	Wesley Pacheco Calixto	2016		Influence of slot geometry on air gap magnetic flux density of rotating machines	2016 IEEE 16th International Conference on Environment and Electrical Engineering (EEEIC)	DE LIMA, RODRIGO ALVES; COIMBRA, A. C. PAULO; ALMEIDA, TONY; GOMES, VIVIANE MARGARIDA; PEREIRA, THIAGO MARTINS; ALVES, AYLTON JOSE; Calixto, Wesley Pacheco		
trabalhoCompletoEmCongresso	Wesley Pacheco Calixto	2016		Soil resistivity study and simulation with finite elements method	2016 IEEE 16th International Conference on Environment and Electrical Engineering (EEEIC)	PEREIRA, THIAGO MARTINS; DE LIMA, RODRIGO ALVES; GOMES, VIVIANE MARGARIDA; GUTEMBERGUE, SOSTENES; ALVES, AYLTON JOSE; Calixto, Wesley Pacheco		
trabalhoCompletoEmCongresso	Wesley Pacheco Calixto	2016		Comparative analysis between PI and fuzzy controllers applied to a workbench with an induction motor	2016 IEEE 16th International Conference on Environment and Electrical Engineering (EEEIC)	ARAUJO, WANDERSON R. H.; CALIXTO, WESLEY P.; REIS, MARCIO R. C.; RODRIGUES, LEHYR F.; MARTINS, DANIEL W. P.		
trabalhoCompletoEmCongresso	Wesley Pacheco Calixto	2016		High power LED luminaire design optimization	2016 IEEE 16th International Conference on Environment and Electrical Engineering (EEEIC)	BARBOSA, JOSE LUIZ F.; CALIXTO, WESLEY P.; SIMON, DAN		
trabalhoCompletoEmCongresso	Wesley Pacheco Calixto	2016		Computation of resistance and potential of grounding grids in any geometry	2016 IEEE 16th International Conference on Environment and Electrical Engineering (EEEIC)	PIRES, THYAGO G.; NERYS, JOSE W. L.; SILVA, CARLOS L. B.; OLIVEIRA, DIOGO N.; FILHO, ANTONIO M. SILVA; CALIXTO, WESLEY P.; ALVES, AYLTON J.		
trabalhoCompletoEmCongresso	Wesley Pacheco Calixto	2017		Passfault: an Open Source Tool for Measuring Password Complexity and Strength	The 8th International Multi-Conference on Complexity, Informatics and Cybernetics (IMCIC 2017)	RODRIGUES, B. A.; PAIVA, J. R. B.; GOMES, V. M.; MORRIS, C.; CALIXTO, W. P.		
trabalhoCompletoEmCongresso	Wesley Pacheco Calixto	2017		Optimization of the operation power of DC-DC converters applied to thermogenerators	2017 18th International Scientific Conference on Electric Power Engineering (EPE)	DE SOUSA BEZERRA, CARLOS DANIEL; Calixto, Wesley Pacheco; DA CUNHA REIS, MARCIO RODRIGUES; BEZERRA, CARLOS ALBERTO VASCONCELOS; ALVES, AYLTON JOSE		
trabalhoCompletoEmCongresso	Wesley Pacheco Calixto	2017		Increasing efficiency of the switched reluctance generator using parametric regression and optimization methods	2017 18th International Scientific Conference on Electric Power Engineering (EPE)	REIS, MARCIO R. C.; Calixto, Wesley Pacheco; ARAUJO, WANDERSON R. H.; MATIAS, CALEBE A.		
trabalhoCompletoEmCongresso	Wesley Pacheco Calixto	2017		Calculation of sensitivity index using one-at-a-time measures based on graphical analysis	2017 18th International Scientific Conference on Electric Power Engineering (EPE)	SARAIVA, JULYANA P.; LIMA, BEATRIZ S.; GOMES, VIVIANE M.; FLORES, PAULO H. R.; GOMES, FLAVIO A.; ASSIS, ALFREDO O.; REIS, MARCIO R. C.; ARAUJO, WANDERSON R. H.; ABRENHOSA, CALEBE; CALIXTO, WESLEY P.		
trabalhoCompletoEmCongresso	Wesley Pacheco Calixto	2017		Parametric regression methodology and optimized control for DC motor	2017 18th International Scientific Conference on Electric Power Engineering (EPE)	BOTELHO, JEREMIAS L.; OLIVEIRA, JOSEPH R.; REIS, MARCIO R. C.; SILVA, FELIPPE S.; DO COUTO, LUIZ A.; ARAUJO, WANDERSON R. H.; CALIXTO, WESLEY P.; MAGALHAES, ALANA S.; FURRIEL, GEOVANNE P.		
trabalhoCompletoEmCongresso	Wesley Pacheco Calixto	2017		Comparative study between optimized controllers fuzzy X MPC	2017 18th International Scientific Conference on Electric Power Engineering (EPE)	DIAS, RAFAEL N. H. M.; GANZAROLI, CLEBER A.; DE CARVALHO, DOUGLAS F.; FURRIEL, GEOVANNE P.; COUTO, LUIZ A.; CALIXTO, WESLEY P.		
trabalhoCompletoEmCongresso	Wesley Pacheco Calixto	2017		Studies for the efficiency of a water pumping system for cooling and improving the electrical efficiency of photovoltaic panels	2017 18th International Scientific Conference on Electric Power Engineering (EPE)	SANTOS, LICINIO MORAES; ALVES, AYLTON JOSE; MATIAS, CALEBE ABRENHOSA; Calixto, Wesley Pacheco		
trabalhoCompletoEmCongresso	Wesley Pacheco Calixto	2017		Wind's actions effects on photovoltaic panels installed on rooftop of buildings	2017 18th International Scientific Conference on Electric Power Engineering (EPE)	FERREIRA, LUIZ GUILHERME GONZAGA BORBA; DOMINGOS, JOSE LUIS; ALVES, AYLTON JOSE; Calixto, Wesley Pacheco; DOMINGUES, ELDER GERALDO; DE LIMA, RODRIGO ALVES		
trabalhoCompletoEmCongresso	Wesley Pacheco Calixto	2017		Parametric regression in synchronous and induction generators	2017 18th International Scientific Conference on Electric Power Engineering (EPE)	MAGALHAES, ALANA S.; BULHOES, JUNIO S.; FURRIEL, GEOVANNE P.; REIS, MARCIO R. C.; ALVES, AYLTON J.; SILVA, ALAN H. F.; CALIXTO, WESLEY P.		
trabalhoCompletoEmCongresso	Wesley Pacheco Calixto	2017		Energy efficiency, rationalization of energy and water consumption in popular houses	2017 18th International Scientific Conference on Electric Power Engineering (EPE)	TSURUDA, LEANDRO KAZUAKI; RODRIGUES, LUANN; SALLES, DAYANE MARTINS; ALVES, AYLTON JOSE; Calixto, Wesley Pacheco; VITOR, LUIZA RODRIGUES; E SOUZA, MARCEL BRUNO SILVEIRA		
trabalhoCompletoEmCongresso	Wesley Pacheco Calixto	2017		Behavior of temperature in photovoltaic panels installed on surfaces with different albedo indexes	2017 18th International Scientific Conference on Electric Power Engineering (EPE)	SALLES, DAYANE MARTINS; DA SILVA, DEBORA PEREIRA; MATIAS, CALEBE ABRENHOSA; DOMINGUES, ELDER GERALDO; PINTO, LUANE SCHIOCHET; MILOGRANA, JUSSANA; Calixto, Wesley Pacheco		
trabalhoCompletoEmCongresso	Wesley Pacheco Calixto	2017		Anaerobic digestion using residue of soybean processing: Biogas production and it is potential to generate energy	2017 18th International Scientific Conference on Electric Power Engineering (EPE)	ARAUJO, VANESSA KELLY ALVES; DE ALMEIDA, SUZEL; DE OLIVEIRA, SERGIO BOTELHO; Calixto, Wesley Pacheco; FURRIEL, GEOVANNE PEREIRA; BARBOSA, DANNS PEREIRA		
trabalhoCompletoEmCongresso	Wesley Pacheco Calixto	2017		Calculation and analysis of voltage violation problem on electricity distribution networks	2017 18th International Scientific Conference on Electric Power Engineering (EPE)	ANICETO, BRUNO C. M.; VILELA, WAGNER A.; NETO, JOAO CAETANO; RODRIGUES, BRUNO U.; CARARO, JOSE A. G.; GOMES, VIVIANE M.; SILVA, ALAN H. F.; FREITAS, JOSE L.; SILVA, DANIEL C.; GOMES, FLAVIO A.; SANTOS, PAULO V.; NIELSON, RAFAEL; REIS, MARCIO R. C.; GALVAO, NATALIA K. M.; ALVES, AYLTON J.; SILVA, LAIS F. A.; CALIXTO, WESLEY P.		
trabalhoCompletoEmCongresso	Wesley Pacheco Calixto	2017		Methodology and comparison of devices for recognition of sign language characters	2017 18th International Scientific Conference on Electric Power Engineering (EPE)	SILVA, BRUNNA CAROLINNE ROCHA; FURRIEL, GEOVANNE PEREIRA; PACHECO, WESLEY CALIXTO; BULHOES, JUNIO SANTOS		
trabalhoCompletoEmCongresso	Wesley Pacheco Calixto	2017		Otimização da inserção de geração distribuída fotovoltaica em rede de distribuição de energia	Congresso de Pesquisa, Ensino e Extensão	CARARO, J. A. G.; SILVA, A. H. F.; ANICETO, B. C. M.; REIS, M. R. C.; RODRIGUES, B. U.; GALVAO, NATALIA K. M.; VILELA JUNIOR, W. A.; CALIXTO, W. P.		
trabalhoCompletoEmCongresso	Wesley Pacheco Calixto	2017		Aplicação da modelagem de equações estruturais para avaliação da satisfação dos alunos de engenharia de produção segundo ENADE 2011	Congresso de Pesquisa, Ensino e Extensão	SANTOS NETO, A. S.; CALIXTO, W. P.		
trabalhoCompletoEmCongresso	Wesley Pacheco Calixto	2017		Aparato para ensaio automático de sedimentação e análise granulométrica	Congresso de Pesquisa, Ensino e Extensão	MARTINS, D. W. P.; SILVA, D. J. R.; CALIXTO, W. P.		
trabalhoCompletoEmCongresso	Wesley Pacheco Calixto	2017		Attenuation methodology for torque oscillations in synchronous machine	2017 IEEE URUCON	ALELUIA, LEOVIR CARDOSO; DA SILVA MAGALHAES, ALANA; SILVA, ALAN HENRIQUE FERREIRA; CALIXTO, WESLEY P.; ALVES, AYLTON JOSE; MATIAS, CALEBE ABRENHOSA; DOMINGUES, ELDER GERALDO; DOMINGOS, JOSE LUIZ		
trabalhoCompletoEmCongresso	Wesley Pacheco Calixto	2017		AC components insertion into rotor of synchronous generator for damping of harmonics on current in bar	2017 IEEE URUCON	ALELUIA, LEOVIR CARDOSO; MAGALHAES, ALANA; SILVA, ALAN HENRIQUE FERREIRA; CALIXTO, WESLEY P.; ALVES, AYLTON JOSE; MATIAS, CALEBE ABRENHOSA; DOMINGUES, ELDER GERALDO; DOMINGOS, JOSE LUIZ		
trabalhoCompletoEmCongresso	Wesley Pacheco Calixto	2017		Technical analysis of the application of water in the improvement of the electrical efficiency in photovoltaic panels	2017 IEEE URUCON	DE MORAES SANTOS, LICINIO; ALVES, AYLTON JOSE; SALLES, DAYANE MARTINS; MATIAS, CALEBE ABRENHOSA; DOMINGOS, JOSE LUIS; DOMINGUES, ELDER GERALDO; Calixto, Wesley Pacheco		
trabalhoCompletoEmCongresso	Wesley Pacheco Calixto	2017		Energy efficiency and renewable energy: Energy, economics and environment gains	2017 IEEE URUCON	FARIA, A. F.; DOMINGOS, J. L.; JUNIOR, J. A.; DOMINGUES, E. G.; ALVES, A. J.; CALIXTO, W. P.; FERREIRA, L. G. G. B.		
trabalhoCompletoEmCongresso	Wesley Pacheco Calixto	2017		Analysis of the capacity of electricity production through photovoltaic panels installation on the roofs of the IFG  Câmpus Águas Lindas	2017 IEEE URUCON	DA SILVA, KRISTINNE RODRIGUES; DOMINGOS, JOSE LUIS; ALVES, AYLTON JOSE; DOMINGUES, ELDER GERALDO; Calixto, Wesley Pacheco; FERREIRA, LUIZ GUILHERME GONZAGA BORBA		
trabalhoCompletoEmCongresso	Wesley Pacheco Calixto	2017		Technical and economic feasibility of using microturbines for the energy utilization of landfill gas	2017 CHILEAN Conference on Electrical, Electronics Engineering, Information and Communication Technologies (CHILECON)	MEDEIROS, GIORDANI PACIFICO; STACH, AIRON HERBERT MOREIRA; COSTA, ALESSANDRO NUNES; PINTO, LUANE SCHIOCHET; DOMINGUES, ELDER GERALDO; NETO, DAYWES PINHEIRO; Calixto, Wesley Pacheco; TSCHUDIN, MARTIN HEINZ EUGEN		
trabalhoCompletoEmCongresso	Wesley Pacheco Calixto	2017		An application of genetic algorithm and the serial schedule generation scheme for solving the Resource-Constrained Project Scheduling Problem	2017 CHILEAN Conference on Electrical, Electronics Engineering, Information and Communication Technologies (CHILECON)	DE MELO, ERICKSSEN B.; DE MELO, GILBERTO; CALIXTO, WESLEY P.; REIS, MARCIO R. C.		
trabalhoCompletoEmCongresso	Wesley Pacheco Calixto	2017		Analytical method for calculating the sensitivity index of system parameters	2017 CHILEAN Conference on Electrical, Electronics Engineering, Information and Communication Technologies (CHILECON)	GOMES, VIVIANE M.; ASSIS, ALFREDO O.; MATIAS, CALEBE A.; SARAIVA, JULYANA P.; GOMES, FLAVIO A.; WAINER, GABRIEL A.; LIMA, BEATRIZ S.; MAGALHAES, ALANA S.; CALIXTO, WESLEY P.; FLORES, PAULO H. R.; BULHOES, JUNIO S.		
trabalhoCompletoEmCongresso	Wesley Pacheco Calixto	2017		Ontology applied in the judicial sentences	2017 CHILEAN Conference on Electrical, Electronics Engineering, Information and Communication Technologies (CHILECON)	CASTRO, ANTONIO P.; CALIXTO, WESLEY P.; GOMES, VIVIANE M.; VEIGA, ERNESTO F.; SILVA, LAIS F. A.; CASTRO, LAYZA L. OLIVEIRA P.; BARBOSA, JOSE LUIZ FERRAZ; CAMPOS, PEDRO H. M.		
trabalhoCompletoEmCongresso	Wesley Pacheco Calixto	2017		Simulation and minimization of waiting time in rows of elevators of public buildings	2017 CHILEAN Conference on Electrical, Electronics Engineering, Information and Communication Technologies (CHILECON)	SILVA, CLEBES A.; OLIVEIRA, MARCELA N.; CALIXTO, WESLEY P.; SANTOS, LUCIANO E. B.; BARBOSA, JOSE LUIZ F.; SILVA, DANILO F. A.		
trabalhoCompletoEmCongresso	Wesley Pacheco Calixto	2017		Evaluation techniques of machine learning in task of reprovation prediction of technical high school students	2017 CHILEAN Conference on Electrical, Electronics Engineering, Information and Communication Technologies (CHILECON)	DE MELO, GILBERTO; OLIVEIRA, SANDERSON M.; FERREIRA, CINTIA C.; FILHO, ENIO P. VASCONCELOS; CALIXTO, WESLEY P.; FURRIEL, GEOVANNE P.		
trabalhoCompletoEmCongresso	Wesley Pacheco Calixto	2017		Sensitivity analysis of the synchronous generation repowering system in parallel with induction generator	2017 CHILEAN Conference on Electrical, Electronics Engineering, Information and Communication Technologies (CHILECON)	MAGALHAES, ALANA S.; BULHOES, JUNIO S.; MATIAS, CALEBE A.; SILVA, ALAN H. F.; FURRIEL, GEOVANNE P.; REIS, MARCIO R. C.; WAINER, GABRIEL A.; GOMES, VIVIANE M.; CALIXTO, WESLEY P.; ALVES, AYLTON J.		
trabalhoCompletoEmCongresso	Wesley Pacheco Calixto	2017		Devices analysis and artificial neural network parameters for sign language recognition	2017 CHILEAN Conference on Electrical, Electronics Engineering, Information and Communication Technologies (CHILECON)	SILVA, BRUNNA; CALIXTO, WESLEY; FURRIEL, GEOVANNE		
trabalhoCompletoEmCongresso	Wesley Pacheco Calixto	2017		Technique development to improve electrical grounding systems performance	2017 CHILEAN Conference on Electrical, Electronics Engineering, Information and Communication Technologies (CHILECON)	REZENDE, KAREN K. M.; RODRIGUES, LUANN; CAMPOS, PEDRO H. M.; CALIXTO, WESLEY P.; FURRIEL, GEOVANNE P.		
trabalhoCompletoEmCongresso	Wesley Pacheco Calixto	2017		Investment risk analysis for small hydro power plants in the short term market in Brazil	2017 CHILEAN Conference on Electrical, Electronics Engineering, Information and Communication Technologies (CHILECON)	PINHEIRO-NETO, DAYWES; DOMINGUES, ELDER G.; ALVES, AYLTON J.; CALIXTO, WESLEY P.		
trabalhoCompletoEmCongresso	Wesley Pacheco Calixto	2017		Performance of haar and LBP features in cascade classifiers to whiteflies detection and counting	2017 CHILEAN Conference on Electrical, Electronics Engineering, Information and Communication Technologies (CHILECON)	LINO, ATTYLA F. S.; SILVA, BRUNNA C. R.; ROCHA, DANILO P. C.; FURRIEL, GEOVANNE P.; CALIXTO, WESLEY P.		
trabalhoCompletoEmCongresso	Wesley Pacheco Calixto	2017		Nonlinear practical model based predictive control: Study case with DC motor	2017 CHILEAN Conference on Electrical, Electronics Engineering, Information and Communication Technologies (CHILECON)	GANZAROLI, CLEBER A.; COUTO, LUIZ A. DO; NETO, DAYWES P.; DE CARVALHO, DOUGLAS F.; DIAS, RAFAEL N. H. M.; CALIXTO, WESLEY P.		
trabalhoCompletoEmCongresso	Wesley Pacheco Calixto	2017		Nonlinear simulation methodology for switched reluctance machine using induction profile found by parametric regression	2017 CHILEAN Conference on Electrical, Electronics Engineering, Information and Communication Technologies (CHILECON)	ARAJO, WANDERSON R. H.; REIS, MARCIO R. C.; CALIXTO, WESLEY P.; WAINER, GABRIEL A.; MAGALHES, ALANA S.; GOMES, FLAVIO A.		
trabalhoCompletoEmCongresso	Wesley Pacheco Calixto	2017		Evaluations of energy efficiency and economic impact of the application of retrofit lighting in popular housing	2017 CHILEAN Conference on Electrical, Electronics Engineering, Information and Communication Technologies (CHILECON)	TSURUDA, LEANDRO KAZUAKI; Calixto, Wesley Pacheco; ALVES, AYLTON JOSE; VITOR, LUIZA R.; SOUZA, MARCEL B. S. E		
trabalhoCompletoEmCongresso	Wesley Pacheco Calixto	2017		Optimizing of the insertion of distributed generation into a power distribution network	2017 CHILEAN Conference on Electrical, Electronics Engineering, Information and Communication Technologies (CHILECON)	CARARO, JOSE A. G.; SILVA, ALAN H. F.; ANICETO, BRUNO C.; REIS, MARCIO R. C.; RODRIGUES, BRUNO U.; GALVAO, NATALIA K. M.; VILELA, WAGNER A.; NETO, JOAO CAETANO; CALIXTO, WESLEY P.		
trabalhoCompletoEmCongresso	Wesley Pacheco Calixto	2017		Gap filling in time series: A new methodology applying spectral analysis and system identification	2017 CHILEAN Conference on Electrical, Electronics Engineering, Information and Communication Technologies (CHILECON)	BULHOES, JUNIO S.; ASSIS, ALFREDO O.; MARTINS, CRISTIANE L.; FURRIEL, GEOVANNE P.; SILVA, BRUNNA C. R.; RODRIGUES, LUANN; REIS, MARCIO R. C.; CALHEIROS, DEBORA F.; OLIVEIRA, MARCIA D.; CALIXTO, WESLEY P.		
trabalhoCompletoEmCongresso	Wesley Pacheco Calixto	2017		Acoustics applied in precision agriculture	2017 CHILEAN Conference on Electrical, Electronics Engineering, Information and Communication Technologies (CHILECON)	FURRIEL, GEOVANNE P.; MATIAS, CALEBE A.; CALIXTO, WESLEY P.; OLIVEIRA, SERGIO B.; DA SILVA, JOSE G.; NARCISO, MARCELO G.		
trabalhoCompletoEmCongresso	Wesley Pacheco Calixto	2017		Conformal mapping applied to encoding and decoding of images	2017 CHILEAN Conference on Electrical, Electronics Engineering, Information and Communication Technologies (CHILECON)	SILVA, ALAN H. F.; SILVA, UYARA F.; CALIXTO, WESLEY P.; MAGALHAES, ALANA S.; ALVES, AYLTON J.		
trabalhoCompletoEmCongresso	Wesley Pacheco Calixto	2017		Socioeconomic, scientific and technological indicators as parameters for prediction model	2017 CHILEAN Conference on Electrical, Electronics Engineering, Information and Communication Technologies (CHILECON)	SILVA, LAIS F. A.; DA SILVA, MICHELLE C.; ALVES, AYLTON J.; REIS, MARCIO R. C.; BULHOES, JUNIO S.; COSTA, RODRIGO E.; SILVA, BRUNNA C. R.; ALEIXO, EVERTON L.; GOMES, VIVIANE M.; CALIXTO, WESLEY P.		
trabalhoCompletoEmCongresso	Wesley Pacheco Calixto	2017		Improved optimization methodology for high power LED matrix luminaire	2017 CHILEAN Conference on Electrical, Electronics Engineering, Information and Communication Technologies (CHILECON)	BARBOSA, JOSE LUIZ F.; FURRIEL, GEOVANNE P.; CALIXTO, WESLEY P.		
trabalhoCompletoEmCongresso	Wesley Pacheco Calixto	2018		Optimized setting of directional overcurrent relays via genetic algorithm	2018 Simposio Brasileiro de Sistemas Eletricos (SBSE)	SOUZA, LUIS A. P.; SILVA, CARLOS L. B.; CALIXTO, WESLEY P.		
trabalhoCompletoEmCongresso	Wesley Pacheco Calixto	2018		Indirect Prediction System That Uses Other Predictions of Correlated Variables	2018 IEEE International Conference on Environment and Electrical Engineering and 2018 IEEE Industrial and Commercial Power Systems Europe (EEEIC / I&CPS Europe)	BULHOES, JUNIO S.; MARTINS, CRISTIANE L.; REIS, MARCIO R.C.; OLIVEIRA, MARCIA D.; CALHEIROS, DEBORA F.; CALIXTO, WESLEY P.		
trabalhoCompletoEmCongresso	Wesley Pacheco Calixto	2018		Predicting System for Flooded Areas Developed with MLP-Type Neural Network	2018 IEEE International Conference on Environment and Electrical Engineering and 2018 IEEE Industrial and Commercial Power Systems Europe (EEEIC / I&CPS Europe)	BULHOES, JUNIO S.; MARTINS, CRISTIANE L.; REIS, MARCIO R. C.; OLIVEIRA, MARCIA D.; CALHEIROS, DEBORA F.; CALIXTO, WESLEY P.		
trabalhoCompletoEmCongresso	Wesley Pacheco Calixto	2018		Lighting Simulation and Validation for High Power LED Matrix Luminaire	2018 IEEE International Conference on Environment and Electrical Engineering and 2018 IEEE Industrial and Commercial Power Systems Europe (EEEIC / I&CPS Europe)	BARBOSA, JOSE LUIZ F.; ALVES, AYLTON J.; BARBOSA, ANA CLARA O. F.; FERRAZ, RAFAEL S.; CALIXTO, WESLEY P.		
trabalhoCompletoEmCongresso	Wesley Pacheco Calixto	2018		Influence of the Inner Surface in Thermoelectric Waste Heat Recovery Ducts	2018 IEEE International Conference on Environment and Electrical Engineering and 2018 IEEE Industrial and Commercial Power Systems Europe (EEEIC / I&amp;CPS Europe)	GOMES, PEDRO H.G.; NETO, ANTONIO P.A.; ALVES, AYLTON J.; CALIXTO, WESLEY P.		
trabalhoCompletoEmCongresso	Wesley Pacheco Calixto	2018		Influence of Finishing and Contact Pressure on Thermal Conduction of Thermoelectric Generator	2018 IEEE International Conference on Environment and Electrical Engineering and 2018 IEEE Industrial and Commercial Power Systems Europe (EEEIC / I&CPS Europe)	GOMES, PEDRO H. G.; NETO, ANTONIO P. A.; ALVES, AYLTON J.; CALIXTO, WESLEY P.		
trabalhoCompletoEmCongresso	Wesley Pacheco Calixto	2018		Relationship Between Risk and Complexity in System Using Connection Based Metric	2018 IEEE International Conference on Environment and Electrical Engineering and 2018 IEEE Industrial and Commercial Power Systems Europe (EEEIC / I&CPS Europe)	PAIVA, JOAO R.B.; GOMES, VIVIANE M.; REIS, MARCIO R.C.; WAINER, GABRIEL; CALIXTO, WESLEY P.		
trabalhoCompletoEmCongresso	Wesley Pacheco Calixto	2018		Optimized Coordination of Directional Overcurrent Relays Using Genetic Algorithm	2018 IEEE International Conference on Environment and Electrical Engineering and 2018 IEEE Industrial and Commercial Power Systems Europe (EEEIC / I&amp;CPS Europe)	P. SOUZA, LUIS A.; B. SILVA, CARLOS L.; CALIXTO, WESLEY P.		
trabalhoCompletoEmCongresso	Wesley Pacheco Calixto	2018		Evaluation of Technologies to Reduce Energy and Water Consumption in Popular Housing	2018 IEEE International Conference on Environment and Electrical Engineering and 2018 IEEE Industrial and Commercial Power Systems Europe (EEEIC / I&amp;CPS Europe)	TSURUDA, LEANDRO KAZUAKI; VITOR, LUIZA R.; S. E SOUZA, MARCEL B.; Calixto, Wesley Pacheco; DA CUNHA REIS, MARCIO R.; P. FONSECA, YARA V.		
trabalhoCompletoEmCongresso	Wesley Pacheco Calixto	2018		Optimized Solar Simulator Structure for Uniform Irradiance Distribution	2018 IEEE International Conference on Environment and Electrical Engineering and 2018 IEEE Industrial and Commercial Power Systems Europe (EEEIC / I&amp;CPS Europe)	MATIAS, CALEBE ABRENHOSA; FURRIEL, GEOVANNE PEREIRA; SANTOS, LICINIO MORAES; Calixto, Wesley Pacheco; F. BARBOSA, JOSE LUIZ; DE OLIVEIRA, SERGIO BOTELHO; ALVES, AYLTON JOSE		
trabalhoCompletoEmCongresso	Wesley Pacheco Calixto	2018		Device for Automatic Particle Size Analysis and the of Sedimentation Using Pattern Recognition	2018 IEEE International Conference on Environment and Electrical Engineering and 2018 IEEE Industrial and Commercial Power Systems Europe (EEEIC / I&amp;CPS Europe)	MARTINS, DANIEL; PACHECO, WESLEY; DAMIN, VIRGINIA		
trabalhoCompletoEmCongresso	Wesley Pacheco Calixto	2018		Conformal Mapping applied in coding and decoding of audio signal	2018 IEEE International Conference on Automation/XXIII Congress of the Chilean Association of Automatic Control (ICAACCA)	MELO, GILBERTO DE; VIEIRA, SILVIO L.; CALIXTO, WESLEY P.		
trabalhoCompletoEmCongresso	Wesley Pacheco Calixto	2019		Optimization of directional relay adjustments using heuristic and deterministic method	2019 IEEE International Conference on Environment and Electrical Engineering and 2019 IEEE Industrial and Commercial Power Systems Europe (EEEIC / I&amp;CPS Europe)	SOUZA, LUIS A. P.; SILVA, CARLOS L. B.; CALIXTO, WESLEY P.		
trabalhoCompletoEmCongresso	Wesley Pacheco Calixto	2019		Autonomous water consumption meter for evaluation of sustainable technologies in popular housing	2019 IEEE International Conference on Environment and Electrical Engineering and 2019 IEEE Industrial and Commercial Power Systems Europe (EEEIC / I&amp;CPS Europe)	TSURUDA, LEANDRO KAZUAKI; VITOR, LUIZA RODRIGUES; DE CASTRO FURTADO, BERTHIE; BORBA FERREIRA, LUIZ GUILHERME G.; MENDES MARTINS, ANDRE; PACHECO CALIXTO, WESLEY		
trabalhoCompletoEmCongresso	Wesley Pacheco Calixto	2019		Analysis of plant root system influence on electrical properties of the soil	2019 IEEE International Conference on Environment and Electrical Engineering and 2019 IEEE Industrial and Commercial Power Systems Europe (EEEIC / I&amp;CPS Europe)	FILHO, ANTONIO SILVA; SILVA, JOSE R. S.; SILVA, CARLOS B.; SOUZA, LUIS A.; CALIXTO, WESLEY; BRITO, LEONARDO		
trabalhoCompletoEmCongresso	Wesley Pacheco Calixto	2019		Modeling, simulation and optimization of people traffic in elevators	2019 IEEE International Conference on Environment and Electrical Engineering and 2019 IEEE Industrial and Commercial Power Systems Europe (EEEIC / I&amp;CPS Europe)	SILVA, CLEBES ANDRE; SILVA, DANILO FERNANDO A.; VITOR, LUIZA R.; NETO, DAYWES PINHEIRO; KAZU, LEANDRO; Calixto, Wesley Pacheco		
trabalhoCompletoEmCongresso	Wesley Pacheco Calixto	2019		Minimization of the electricity bill of Brazilian consumers with PV system through the optimization of contracting demand and the orientation of photovoltaic panels	2019 IEEE International Conference on Environment and Electrical Engineering and 2019 IEEE Industrial and Commercial Power Systems Europe (EEEIC / I&amp;CPS Europe)	MARTINS, ANDRE MENDES; GUIMARAES MEDEIROS, CARLOS AUGUSTO; DOMINGOS, JOSE LUIS; REIS, MARCIO RODRIGUES; PACHECO, WESLEY CALIXTO; DE AQUINO GOMES, RAPHAEL		
trabalhoCompletoEmCongresso	Wesley Pacheco Calixto	2019		Methodology for voltage adequacy using photovoltaic distributed generation	2019 IEEE International Conference on Environment and Electrical Engineering and 2019 IEEE Industrial and Commercial Power Systems Europe (EEEIC / I&amp;CPS Europe)	CARARO, JOSE A. G.; SILVA, ALAN H. F.; NETO, JOAO CAETANO; REIS, MARCIO R. C.; CALIXTO, WESLEY P.		
trabalhoCompletoEmCongresso	Wesley Pacheco Calixto	2019		N-Gram and TF-IDF for Feature Extraction on Opinion Mining of Tweets with SVM Classifier	2019 International Artificial Intelligence and Data Processing Symposium (IDAP)	DE GODOI BRANDAO, JHONATHAN; Calixto, Wesley Pacheco		
resumoExpandidoEmCongresso	Wesley Pacheco Calixto	2005	Processo Comunicação Quântica	Avaliação dos Programas de Iniciação Científica da Universidade Católica de Goiás	CALIXTO, W. P.; ALMEIDA, Norton Gomes de		
resumoExpandidoEmCongresso	Wesley Pacheco Calixto	2006	Mapeamento das Linhas Equipotenciais e de Campo e Cálculo da Capacitância Utilizando a Transformação de Schwarz-Christoffel	III Congresso de Pesquisa, Ensino e Extensão da Universidade Federal de Goiás (III Conpeex - UFG)	CALIXTO, W. P.; ALVARENGA, B. P		
resumoExpandidoEmCongresso	Wesley Pacheco Calixto	2007	Algoritmo Genético com Codificação Real Aplicado na Estimativa dos Parâmetros da Transformação Inversa de Schwarz-Christoffel	V FÓRUM ABEE ? Ciência, Tecnologia, Inovação e Responsabilidade Social	CALIXTO, W. P.; ALVARENGA, B. P; SILVA, L. G. W.; BRITO, L. C.; Alves, A. C. B.		
resumoExpandidoEmCongresso	Wesley Pacheco Calixto	2012	Methodology for Tridimensional Geoelectrical Prospection	IV Simpósio Brasileiro de Sistemas Elétricos ? IV SBSE	CALIXTO, W. P.; ALVARENGA, B. P; BRITO, L. C.; Alves, A. J.; Soares, M. G.; Silva, F. R. de A.; MARTINS NETO, L.		
resumoExpandidoEmCongresso	Wesley Pacheco Calixto	2012	Modelo do Motor a Relutância Variável com Base na Energia Magnética Armazenada	IV Simpósio Brasileiro de Sistemas Elétricos ? IV SBSE	Silva, F. R. de A.; ALVARENGA, B. P; CALIXTO, W. P.		
resumoExpandidoEmCongresso	Wesley Pacheco Calixto	2017	Ontology to Mining Judicial Sentence's Big Data	International Conference on Alive Engineering Education	CASTRO JUNIOR, A. P.; GOMES, V. M.; SILVA, L. F. A.; CAMPOS, P. H. M.; VEIGA, E. F.; CALIXTO, W. P.		
resumoExpandidoEmCongresso	Wesley Pacheco Calixto	2007	Determinação dos Parâmetros da Transformação de Schwarz-Christoffel usando Algoritmo Genético	IV Congresso de Pesquisa, Ensino e Extensão da Universidade Federal de Goiás (IV Conpeex - UFG)	CALIXTO, W. P.; ALVARENGA, B. P; SILVA, L. G. W.; BRITO, L. C.; Alves, A. C. B.		
